"OrderedDict([('DateTime', datetime.datetime(2021, 7, 20, 18, 55, 28, 893610)), ('pm1_cf', 4), ('pm25_cf', 4), ('pm10_cf', 5), ('pm1', 4), ('pm25', 4), ('pm10', 5)])"
"OrderedDict([('DateTime', datetime.datetime(2021, 7, 20, 18, 56, 31, 182669)), ('pm1_cf', 3), ('pm25_cf', 4), ('pm10_cf', 4), ('pm1', 3), ('pm25', 4), ('pm10', 4)])"
"OrderedDict([('DateTime', datetime.datetime(2021, 7, 20, 18, 57, 31, 426242)), ('pm1_cf', 5), ('pm25_cf', 7), ('pm10_cf', 7), ('pm1', 5), ('pm25', 7), ('pm10', 7)])"
"OrderedDict([('DateTime', datetime.datetime(2021, 7, 20, 18, 58, 31, 809913)), ('pm1_cf', 5), ('pm25_cf', 6), ('pm10_cf', 6), ('pm1', 5), ('pm25', 6), ('pm10', 6)])"
"OrderedDict([('DateTime', datetime.datetime(2021, 7, 20, 18, 59, 32, 192232)), ('pm1_cf', 4), ('pm25_cf', 7), ('pm10_cf', 7), ('pm1', 4), ('pm25', 7), ('pm10', 7)])"
"OrderedDict([('DateTime', datetime.datetime(2021, 7, 20, 19, 0, 32, 642136)), ('pm1_cf', 5), ('pm25_cf', 6), ('pm10_cf', 6), ('pm1', 5), ('pm25', 6), ('pm10', 6)])"
"OrderedDict([('DateTime', datetime.datetime(2021, 7, 27, 18, 27, 35, 177890)), ('pm1_cf', 3), ('pm25_cf', 7), ('pm10_cf', 7), ('pm1', 3), ('pm25', 7), ('pm10', 7)])"
"OrderedDict([('DateTime', datetime.datetime(2021, 7, 27, 18, 28, 35, 567011)), ('pm1_cf', 4), ('pm25_cf', 6), ('pm10_cf', 6), ('pm1', 4), ('pm25', 6), ('pm10', 6)])"
"OrderedDict([('DateTime', datetime.datetime(2021, 7, 27, 18, 29, 35, 952481)), ('pm1_cf', 3), ('pm25_cf', 5), ('pm10_cf', 6), ('pm1', 3), ('pm25', 5), ('pm10', 6)])"
"OrderedDict([('DateTime', datetime.datetime(2021, 7, 27, 18, 30, 36, 406990)), ('pm1_cf', 5), ('pm25_cf', 6), ('pm10_cf', 7), ('pm1', 5), ('pm25', 6), ('pm10', 7)])"
"OrderedDict([('DateTime', datetime.datetime(2021, 7, 27, 18, 31, 36, 785880)), ('pm1_cf', 5), ('pm25_cf', 7), ('pm10_cf', 7), ('pm1', 5), ('pm25', 7), ('pm10', 7)])"
"OrderedDict([('DateTime', datetime.datetime(2021, 7, 27, 18, 32, 37, 165436)), ('pm1_cf', 4), ('pm25_cf', 6), ('pm10_cf', 6), ('pm1', 4), ('pm25', 6), ('pm10', 6)])"
"OrderedDict([('DateTime', datetime.datetime(2021, 7, 27, 18, 33, 37, 617864)), ('pm1_cf', 4), ('pm25_cf', 6), ('pm10_cf', 6), ('pm1', 4), ('pm25', 6), ('pm10', 6)])"
"OrderedDict([('DateTime', datetime.datetime(2021, 7, 27, 18, 34, 37, 995031)), ('pm1_cf', 5), ('pm25_cf', 7), ('pm10_cf', 8), ('pm1', 5), ('pm25', 7), ('pm10', 8)])"
"OrderedDict([('DateTime', datetime.datetime(2021, 7, 27, 18, 35, 38, 374992)), ('pm1_cf', 4), ('pm25_cf', 6), ('pm10_cf', 7), ('pm1', 4), ('pm25', 6), ('pm10', 7)])"
"OrderedDict([('DateTime', datetime.datetime(2021, 7, 27, 18, 36, 38, 824479)), ('pm1_cf', 4), ('pm25_cf', 6), ('pm10_cf', 6), ('pm1', 4), ('pm25', 6), ('pm10', 6)])"
"OrderedDict([('DateTime', datetime.datetime(2021, 7, 27, 18, 37, 39, 201490)), ('pm1_cf', 3), ('pm25_cf', 5), ('pm10_cf', 5), ('pm1', 3), ('pm25', 5), ('pm10', 5)])"
"OrderedDict([('DateTime', datetime.datetime(2021, 7, 27, 18, 38, 39, 575244)), ('pm1_cf', 5), ('pm25_cf', 7), ('pm10_cf', 7), ('pm1', 5), ('pm25', 7), ('pm10', 7)])"
"OrderedDict([('DateTime', datetime.datetime(2021, 7, 27, 18, 39, 40, 21131)), ('pm1_cf', 4), ('pm25_cf', 5), ('pm10_cf', 5), ('pm1', 4), ('pm25', 5), ('pm10', 5)])"
"OrderedDict([('DateTime', datetime.datetime(2021, 7, 27, 18, 40, 40, 395909)), ('pm1_cf', 4), ('pm25_cf', 7), ('pm10_cf', 7), ('pm1', 4), ('pm25', 7), ('pm10', 7)])"
"OrderedDict([('DateTime', datetime.datetime(2021, 7, 27, 18, 41, 40, 771193)), ('pm1_cf', 3), ('pm25_cf', 6), ('pm10_cf', 7), ('pm1', 3), ('pm25', 6), ('pm10', 7)])"
"OrderedDict([('DateTime', datetime.datetime(2021, 7, 27, 18, 42, 41, 216879)), ('pm1_cf', 4), ('pm25_cf', 7), ('pm10_cf', 7), ('pm1', 4), ('pm25', 7), ('pm10', 7)])"
"OrderedDict([('DateTime', datetime.datetime(2021, 7, 27, 18, 43, 41, 592067)), ('pm1_cf', 4), ('pm25_cf', 7), ('pm10_cf', 7), ('pm1', 4), ('pm25', 7), ('pm10', 7)])"
"OrderedDict([('DateTime', datetime.datetime(2021, 7, 27, 18, 44, 41, 966611)), ('pm1_cf', 5), ('pm25_cf', 7), ('pm10_cf', 7), ('pm1', 5), ('pm25', 7), ('pm10', 7)])"
"OrderedDict([('DateTime', datetime.datetime(2021, 7, 27, 18, 45, 42, 410718)), ('pm1_cf', 4), ('pm25_cf', 6), ('pm10_cf', 7), ('pm1', 4), ('pm25', 6), ('pm10', 7)])"
"OrderedDict([('DateTime', datetime.datetime(2021, 7, 27, 18, 46, 42, 787424)), ('pm1_cf', 4), ('pm25_cf', 7), ('pm10_cf', 8), ('pm1', 4), ('pm25', 7), ('pm10', 8)])"
"OrderedDict([('DateTime', datetime.datetime(2021, 7, 27, 18, 47, 43, 159227)), ('pm1_cf', 4), ('pm25_cf', 6), ('pm10_cf', 8), ('pm1', 4), ('pm25', 6), ('pm10', 8)])"
"OrderedDict([('DateTime', datetime.datetime(2021, 7, 27, 18, 48, 43, 603760)), ('pm1_cf', 4), ('pm25_cf', 6), ('pm10_cf', 7), ('pm1', 4), ('pm25', 6), ('pm10', 7)])"
"OrderedDict([('DateTime', datetime.datetime(2021, 8, 4, 0, 30, 9, 329367)), ('pm1_cf', 6), ('pm25_cf', 10), ('pm10_cf', 10), ('pm1', 6), ('pm25', 10), ('pm10', 10)])"
"OrderedDict([('DateTime', datetime.datetime(2021, 8, 4, 0, 31, 9, 734887)), ('pm1_cf', 6), ('pm25_cf', 9), ('pm10_cf', 10), ('pm1', 6), ('pm25', 9), ('pm10', 10)])"
"OrderedDict([('DateTime', datetime.datetime(2021, 8, 4, 0, 32, 10, 634630)), ('pm1_cf', 6), ('pm25_cf', 10), ('pm10_cf', 11), ('pm1', 6), ('pm25', 10), ('pm10', 11)])"
"OrderedDict([('DateTime', datetime.datetime(2021, 8, 4, 0, 33, 10, 969611)), ('pm1_cf', 7), ('pm25_cf', 9), ('pm10_cf', 9), ('pm1', 7), ('pm25', 9), ('pm10', 9)])"
"OrderedDict([('DateTime', datetime.datetime(2021, 8, 4, 0, 34, 11, 376448)), ('pm1_cf', 7), ('pm25_cf', 10), ('pm10_cf', 11), ('pm1', 7), ('pm25', 10), ('pm10', 11)])"
"OrderedDict([('DateTime', datetime.datetime(2021, 8, 4, 0, 35, 11, 713271)), ('pm1_cf', 7), ('pm25_cf', 11), ('pm10_cf', 11), ('pm1', 7), ('pm25', 11), ('pm10', 11)])"
"OrderedDict([('DateTime', datetime.datetime(2021, 8, 4, 0, 36, 12, 47217)), ('pm1_cf', 5), ('pm25_cf', 8), ('pm10_cf', 8), ('pm1', 5), ('pm25', 8), ('pm10', 8)])"
"OrderedDict([('DateTime', datetime.datetime(2021, 8, 4, 0, 37, 12, 452014)), ('pm1_cf', 5), ('pm25_cf', 7), ('pm10_cf', 7), ('pm1', 5), ('pm25', 7), ('pm10', 7)])"
"OrderedDict([('DateTime', datetime.datetime(2021, 8, 4, 0, 38, 12, 789223)), ('pm1_cf', 4), ('pm25_cf', 6), ('pm10_cf', 6), ('pm1', 4), ('pm25', 6), ('pm10', 6)])"
"OrderedDict([('DateTime', datetime.datetime(2021, 8, 4, 0, 39, 13, 124457)), ('pm1_cf', 7), ('pm25_cf', 9), ('pm10_cf', 10), ('pm1', 7), ('pm25', 9), ('pm10', 10)])"
"OrderedDict([('DateTime', datetime.datetime(2021, 8, 4, 0, 40, 13, 529783)), ('pm1_cf', 5), ('pm25_cf', 7), ('pm10_cf', 8), ('pm1', 5), ('pm25', 7), ('pm10', 8)])"
"OrderedDict([('DateTime', datetime.datetime(2021, 8, 4, 0, 41, 13, 863886)), ('pm1_cf', 6), ('pm25_cf', 9), ('pm10_cf', 9), ('pm1', 6), ('pm25', 9), ('pm10', 9)])"
"OrderedDict([('DateTime', datetime.datetime(2021, 8, 4, 0, 42, 14, 197985)), ('pm1_cf', 4), ('pm25_cf', 8), ('pm10_cf', 8), ('pm1', 4), ('pm25', 8), ('pm10', 8)])"
"OrderedDict([('DateTime', datetime.datetime(2021, 8, 4, 0, 43, 14, 603674)), ('pm1_cf', 6), ('pm25_cf', 8), ('pm10_cf', 8), ('pm1', 6), ('pm25', 8), ('pm10', 8)])"
"OrderedDict([('DateTime', datetime.datetime(2021, 8, 4, 0, 44, 14, 939365)), ('pm1_cf', 5), ('pm25_cf', 8), ('pm10_cf', 9), ('pm1', 5), ('pm25', 8), ('pm10', 9)])"
"OrderedDict([('DateTime', datetime.datetime(2021, 8, 4, 0, 45, 15, 275524)), ('pm1_cf', 6), ('pm25_cf', 10), ('pm10_cf', 10), ('pm1', 6), ('pm25', 10), ('pm10', 10)])"
"OrderedDict([('DateTime', datetime.datetime(2021, 8, 4, 0, 46, 15, 680215)), ('pm1_cf', 5), ('pm25_cf', 7), ('pm10_cf', 8), ('pm1', 5), ('pm25', 7), ('pm10', 8)])"
"OrderedDict([('DateTime', datetime.datetime(2021, 8, 4, 0, 47, 16, 16317)), ('pm1_cf', 5), ('pm25_cf', 9), ('pm10_cf', 9), ('pm1', 5), ('pm25', 9), ('pm10', 9)])"
"OrderedDict([('DateTime', datetime.datetime(2021, 8, 4, 0, 48, 16, 349644)), ('pm1_cf', 5), ('pm25_cf', 6), ('pm10_cf', 7), ('pm1', 5), ('pm25', 6), ('pm10', 7)])"
"OrderedDict([('DateTime', datetime.datetime(2021, 8, 4, 0, 49, 16, 751860)), ('pm1_cf', 5), ('pm25_cf', 7), ('pm10_cf', 7), ('pm1', 5), ('pm25', 7), ('pm10', 7)])"
"OrderedDict([('DateTime', datetime.datetime(2021, 8, 4, 0, 50, 17, 83200)), ('pm1_cf', 5), ('pm25_cf', 7), ('pm10_cf', 7), ('pm1', 5), ('pm25', 7), ('pm10', 7)])"
"OrderedDict([('DateTime', datetime.datetime(2021, 8, 4, 0, 51, 17, 416464)), ('pm1_cf', 5), ('pm25_cf', 7), ('pm10_cf', 8), ('pm1', 5), ('pm25', 7), ('pm10', 8)])"
"OrderedDict([('DateTime', datetime.datetime(2021, 8, 4, 0, 52, 17, 819280)), ('pm1_cf', 5), ('pm25_cf', 8), ('pm10_cf', 8), ('pm1', 5), ('pm25', 8), ('pm10', 8)])"
""
"OrderedDict([('DateTime', datetime.datetime(2021, 8, 4, 0, 54, 19, 396528)), ('pm1_cf', 4), ('pm25_cf', 6), ('pm10_cf', 7), ('pm1', 4), ('pm25', 6), ('pm10', 7)])"
"OrderedDict([('DateTime', datetime.datetime(2021, 8, 4, 0, 55, 19, 728617)), ('pm1_cf', 3), ('pm25_cf', 8), ('pm10_cf', 9), ('pm1', 3), ('pm25', 8), ('pm10', 9)])"
"OrderedDict([('DateTime', datetime.datetime(2021, 8, 4, 0, 56, 20, 61598)), ('pm1_cf', 4), ('pm25_cf', 6), ('pm10_cf', 6), ('pm1', 4), ('pm25', 6), ('pm10', 6)])"
"OrderedDict([('DateTime', datetime.datetime(2021, 8, 4, 0, 57, 20, 464843)), ('pm1_cf', 4), ('pm25_cf', 7), ('pm10_cf', 8), ('pm1', 4), ('pm25', 7), ('pm10', 8)])"
"OrderedDict([('DateTime', datetime.datetime(2021, 8, 4, 0, 58, 20, 794294)), ('pm1_cf', 3), ('pm25_cf', 5), ('pm10_cf', 5), ('pm1', 3), ('pm25', 5), ('pm10', 5)])"
"OrderedDict([('DateTime', datetime.datetime(2021, 8, 4, 0, 59, 21, 125338)), ('pm1_cf', 4), ('pm25_cf', 6), ('pm10_cf', 6), ('pm1', 4), ('pm25', 6), ('pm10', 6)])"
"OrderedDict([('DateTime', datetime.datetime(2021, 8, 4, 1, 0, 21, 526317)), ('pm1_cf', 4), ('pm25_cf', 6), ('pm10_cf', 6), ('pm1', 4), ('pm25', 6), ('pm10', 6)])"
"OrderedDict([('DateTime', datetime.datetime(2021, 8, 4, 1, 1, 21, 857048)), ('pm1_cf', 4), ('pm25_cf', 6), ('pm10_cf', 6), ('pm1', 4), ('pm25', 6), ('pm10', 6)])"
"OrderedDict([('DateTime', datetime.datetime(2021, 8, 4, 1, 2, 22, 185633)), ('pm1_cf', 4), ('pm25_cf', 6), ('pm10_cf', 7), ('pm1', 4), ('pm25', 6), ('pm10', 7)])"
"OrderedDict([('DateTime', datetime.datetime(2021, 8, 4, 1, 3, 22, 587998)), ('pm1_cf', 5), ('pm25_cf', 7), ('pm10_cf', 8), ('pm1', 5), ('pm25', 7), ('pm10', 8)])"
"OrderedDict([('DateTime', datetime.datetime(2021, 8, 4, 1, 4, 22, 920380)), ('pm1_cf', 3), ('pm25_cf', 5), ('pm10_cf', 5), ('pm1', 3), ('pm25', 5), ('pm10', 5)])"
"OrderedDict([('DateTime', datetime.datetime(2021, 8, 4, 1, 5, 23, 811802)), ('pm1_cf', 4), ('pm25_cf', 7), ('pm10_cf', 7), ('pm1', 4), ('pm25', 7), ('pm10', 7)])"
"OrderedDict([('DateTime', datetime.datetime(2021, 8, 4, 1, 6, 24, 214741)), ('pm1_cf', 4), ('pm25_cf', 7), ('pm10_cf', 7), ('pm1', 4), ('pm25', 7), ('pm10', 7)])"
"OrderedDict([('DateTime', datetime.datetime(2021, 8, 4, 1, 7, 24, 548249)), ('pm1_cf', 3), ('pm25_cf', 5), ('pm10_cf', 5), ('pm1', 3), ('pm25', 5), ('pm10', 5)])"
"OrderedDict([('DateTime', datetime.datetime(2021, 8, 4, 1, 8, 25, 787150)), ('pm1_cf', 3), ('pm25_cf', 6), ('pm10_cf', 6), ('pm1', 3), ('pm25', 6), ('pm10', 6)])"
"OrderedDict([('DateTime', datetime.datetime(2021, 8, 4, 1, 9, 26, 115086)), ('pm1_cf', 3), ('pm25_cf', 6), ('pm10_cf', 7), ('pm1', 3), ('pm25', 6), ('pm10', 7)])"
"OrderedDict([('DateTime', datetime.datetime(2021, 8, 4, 1, 10, 26, 442716)), ('pm1_cf', 4), ('pm25_cf', 5), ('pm10_cf', 6), ('pm1', 4), ('pm25', 5), ('pm10', 6)])"
"OrderedDict([('DateTime', datetime.datetime(2021, 8, 4, 1, 11, 26, 839774)), ('pm1_cf', 3), ('pm25_cf', 5), ('pm10_cf', 6), ('pm1', 3), ('pm25', 5), ('pm10', 6)])"
"OrderedDict([('DateTime', datetime.datetime(2021, 8, 4, 1, 12, 27, 727540)), ('pm1_cf', 3), ('pm25_cf', 6), ('pm10_cf', 6), ('pm1', 3), ('pm25', 6), ('pm10', 6)])"
"OrderedDict([('DateTime', datetime.datetime(2021, 8, 4, 1, 13, 28, 963793)), ('pm1_cf', 4), ('pm25_cf', 7), ('pm10_cf', 7), ('pm1', 4), ('pm25', 7), ('pm10', 7)])"
""
"OrderedDict([('DateTime', datetime.datetime(2021, 8, 4, 1, 15, 30, 521394)), ('pm1_cf', 3), ('pm25_cf', 6), ('pm10_cf', 6), ('pm1', 3), ('pm25', 6), ('pm10', 6)])"
"OrderedDict([('DateTime', datetime.datetime(2021, 8, 4, 1, 16, 30, 846017)), ('pm1_cf', 4), ('pm25_cf', 6), ('pm10_cf', 7), ('pm1', 4), ('pm25', 6), ('pm10', 7)])"
"OrderedDict([('DateTime', datetime.datetime(2021, 8, 4, 1, 17, 31, 171636)), ('pm1_cf', 4), ('pm25_cf', 6), ('pm10_cf', 7), ('pm1', 4), ('pm25', 6), ('pm10', 7)])"
""
"OrderedDict([('DateTime', datetime.datetime(2021, 8, 4, 1, 19, 32, 733435)), ('pm1_cf', 3), ('pm25_cf', 5), ('pm10_cf', 5), ('pm1', 3), ('pm25', 5), ('pm10', 5)])"
"OrderedDict([('DateTime', datetime.datetime(2021, 8, 4, 1, 20, 33, 130814)), ('pm1_cf', 3), ('pm25_cf', 6), ('pm10_cf', 6), ('pm1', 3), ('pm25', 6), ('pm10', 6)])"
""
""
""
"OrderedDict([('DateTime', datetime.datetime(2021, 8, 4, 1, 24, 37, 87345)), ('pm1_cf', 2), ('pm25_cf', 4), ('pm10_cf', 5), ('pm1', 2), ('pm25', 4), ('pm10', 5)])"
""
""
"OrderedDict([('DateTime', datetime.datetime(2021, 8, 4, 1, 27, 39, 870989)), ('pm1_cf', 4), ('pm25_cf', 5), ('pm10_cf', 6), ('pm1', 4), ('pm25', 5), ('pm10', 6)])"
""
"OrderedDict([('DateTime', datetime.datetime(2021, 8, 6, 15, 39, 28, 264813)), ('pm1_cf', 3), ('pm25_cf', 4), ('pm10_cf', 4), ('pm1', 3), ('pm25', 4), ('pm10', 4)])"
"OrderedDict([('DateTime', datetime.datetime(2021, 8, 6, 17, 46, 36, 171642)), ('pm1_cf', 5), ('pm25_cf', 9), ('pm10_cf', 10), ('pm1', 5), ('pm25', 9), ('pm10', 10)])"
"OrderedDict([('DateTime', datetime.datetime(2021, 8, 11, 17, 23, 55, 881984)), ('pm1_cf', 2), ('pm25_cf', 3), ('pm10_cf', 3), ('pm1', 2), ('pm25', 3), ('pm10', 3)])"
"OrderedDict([('DateTime', datetime.datetime(2021, 8, 11, 17, 36, 15, 612778)), ('pm1_cf', 2), ('pm25_cf', 3), ('pm10_cf', 3), ('pm1', 2), ('pm25', 3), ('pm10', 3)])"
"OrderedDict([('DateTime', datetime.datetime(2021, 8, 11, 17, 36, 31, 131868)), ('pm1_cf', 2), ('pm25_cf', 3), ('pm10_cf', 3), ('pm1', 2), ('pm25', 3), ('pm10', 3)])"
"OrderedDict([('DateTime', datetime.datetime(2021, 8, 11, 17, 36, 46, 650849)), ('pm1_cf', 2), ('pm25_cf', 2), ('pm10_cf', 2), ('pm1', 2), ('pm25', 2), ('pm10', 2)])"
"OrderedDict([('DateTime', datetime.datetime(2021, 8, 11, 17, 37, 3, 7813)), ('pm1_cf', 0), ('pm25_cf', 1), ('pm10_cf', 1), ('pm1', 0), ('pm25', 1), ('pm10', 1)])"
"OrderedDict([('DateTime', datetime.datetime(2021, 8, 11, 17, 37, 19, 365265)), ('pm1_cf', 0), ('pm25_cf', 1), ('pm10_cf', 1), ('pm1', 0), ('pm25', 1), ('pm10', 1)])"
""
"OrderedDict([('DateTime', datetime.datetime(2021, 8, 11, 17, 37, 51, 311921)), ('pm1_cf', 1), ('pm25_cf', 3), ('pm10_cf', 3), ('pm1', 1), ('pm25', 3), ('pm10', 3)])"
"OrderedDict([('DateTime', datetime.datetime(2021, 8, 11, 17, 38, 6, 829859)), ('pm1_cf', 2), ('pm25_cf', 3), ('pm10_cf', 3), ('pm1', 2), ('pm25', 3), ('pm10', 3)])"
"OrderedDict([('DateTime', datetime.datetime(2021, 8, 11, 18, 18, 41, 57472)), ('pm1_cf', 2), ('pm25_cf', 3), ('pm10_cf', 3), ('pm1', 2), ('pm25', 3), ('pm10', 3)])"
"OrderedDict([('DateTime', datetime.datetime(2021, 8, 11, 18, 18, 56, 576271)), ('pm1_cf', 3), ('pm25_cf', 4), ('pm10_cf', 4), ('pm1', 3), ('pm25', 4), ('pm10', 4)])"
"OrderedDict([('DateTime', datetime.datetime(2021, 8, 11, 18, 19, 36, 212488)), ('pm1_cf', 2), ('pm25_cf', 2), ('pm10_cf', 3), ('pm1', 2), ('pm25', 2), ('pm10', 3)])"
"OrderedDict([('DateTime', datetime.datetime(2021, 8, 11, 18, 19, 51, 731842)), ('pm1_cf', 1), ('pm25_cf', 3), ('pm10_cf', 4), ('pm1', 1), ('pm25', 3), ('pm10', 4)])"
"OrderedDict([('DateTime', datetime.datetime(2021, 8, 11, 18, 20, 7, 250688)), ('pm1_cf', 2), ('pm25_cf', 3), ('pm10_cf', 3), ('pm1', 2), ('pm25', 3), ('pm10', 3)])"
"OrderedDict([('DateTime', datetime.datetime(2021, 8, 11, 18, 20, 22, 769390)), ('pm1_cf', 3), ('pm25_cf', 4), ('pm10_cf', 4), ('pm1', 3), ('pm25', 4), ('pm10', 4)])"
"OrderedDict([('DateTime', datetime.datetime(2021, 8, 11, 18, 20, 38, 288698)), ('pm1_cf', 3), ('pm25_cf', 4), ('pm10_cf', 4), ('pm1', 3), ('pm25', 4), ('pm10', 4)])"
"OrderedDict([('DateTime', datetime.datetime(2021, 8, 11, 18, 20, 53, 808736)), ('pm1_cf', 2), ('pm25_cf', 2), ('pm10_cf', 2), ('pm1', 2), ('pm25', 2), ('pm10', 2)])"
"OrderedDict([('DateTime', datetime.datetime(2021, 8, 11, 18, 21, 9, 326716)), ('pm1_cf', 1), ('pm25_cf', 2), ('pm10_cf', 3), ('pm1', 1), ('pm25', 2), ('pm10', 3)])"
"OrderedDict([('DateTime', datetime.datetime(2021, 8, 11, 18, 21, 24, 845431)), ('pm1_cf', 2), ('pm25_cf', 2), ('pm10_cf', 2), ('pm1', 2), ('pm25', 2), ('pm10', 2)])"
"OrderedDict([('DateTime', datetime.datetime(2021, 8, 11, 18, 21, 40, 364184)), ('pm1_cf', 2), ('pm25_cf', 2), ('pm10_cf', 2), ('pm1', 2), ('pm25', 2), ('pm10', 2)])"
"OrderedDict([('DateTime', datetime.datetime(2021, 8, 11, 18, 21, 55, 882827)), ('pm1_cf', 2), ('pm25_cf', 2), ('pm10_cf', 3), ('pm1', 2), ('pm25', 2), ('pm10', 3)])"
"OrderedDict([('DateTime', datetime.datetime(2021, 8, 11, 18, 22, 11, 401585)), ('pm1_cf', 2), ('pm25_cf', 3), ('pm10_cf', 3), ('pm1', 2), ('pm25', 3), ('pm10', 3)])"
"OrderedDict([('DateTime', datetime.datetime(2021, 8, 11, 18, 22, 26, 920094)), ('pm1_cf', 1), ('pm25_cf', 2), ('pm10_cf', 2), ('pm1', 1), ('pm25', 2), ('pm10', 2)])"
"OrderedDict([('DateTime', datetime.datetime(2021, 8, 11, 18, 22, 42, 438710)), ('pm1_cf', 1), ('pm25_cf', 2), ('pm10_cf', 2), ('pm1', 1), ('pm25', 2), ('pm10', 2)])"
"OrderedDict([('DateTime', datetime.datetime(2021, 8, 11, 18, 22, 57, 957228)), ('pm1_cf', 1), ('pm25_cf', 2), ('pm10_cf', 2), ('pm1', 1), ('pm25', 2), ('pm10', 2)])"
"OrderedDict([('DateTime', datetime.datetime(2021, 8, 11, 18, 23, 13, 477919)), ('pm1_cf', 1), ('pm25_cf', 2), ('pm10_cf', 2), ('pm1', 1), ('pm25', 2), ('pm10', 2)])"
"OrderedDict([('DateTime', datetime.datetime(2021, 8, 11, 18, 23, 28, 995909)), ('pm1_cf', 1), ('pm25_cf', 3), ('pm10_cf', 3), ('pm1', 1), ('pm25', 3), ('pm10', 3)])"
"OrderedDict([('DateTime', datetime.datetime(2021, 8, 11, 18, 23, 44, 514147)), ('pm1_cf', 1), ('pm25_cf', 2), ('pm10_cf', 2), ('pm1', 1), ('pm25', 2), ('pm10', 2)])"
"OrderedDict([('DateTime', datetime.datetime(2021, 8, 11, 18, 24, 0, 32742)), ('pm1_cf', 2), ('pm25_cf', 2), ('pm10_cf', 2), ('pm1', 2), ('pm25', 2), ('pm10', 2)])"
"OrderedDict([('DateTime', datetime.datetime(2021, 8, 11, 18, 24, 15, 550957)), ('pm1_cf', 2), ('pm25_cf', 3), ('pm10_cf', 3), ('pm1', 2), ('pm25', 3), ('pm10', 3)])"
"OrderedDict([('DateTime', datetime.datetime(2021, 8, 11, 18, 24, 31, 70953)), ('pm1_cf', 2), ('pm25_cf', 3), ('pm10_cf', 3), ('pm1', 2), ('pm25', 3), ('pm10', 3)])"
"OrderedDict([('DateTime', datetime.datetime(2021, 8, 11, 18, 24, 46, 587271)), ('pm1_cf', 2), ('pm25_cf', 3), ('pm10_cf', 3), ('pm1', 2), ('pm25', 3), ('pm10', 3)])"
"OrderedDict([('DateTime', datetime.datetime(2021, 8, 11, 18, 25, 2, 105049)), ('pm1_cf', 2), ('pm25_cf', 3), ('pm10_cf', 3), ('pm1', 2), ('pm25', 3), ('pm10', 3)])"
"OrderedDict([('DateTime', datetime.datetime(2021, 8, 11, 18, 25, 17, 622492)), ('pm1_cf', 0), ('pm25_cf', 1), ('pm10_cf', 1), ('pm1', 0), ('pm25', 1), ('pm10', 1)])"
"OrderedDict([('DateTime', datetime.datetime(2021, 8, 11, 18, 25, 33, 138750)), ('pm1_cf', 2), ('pm25_cf', 2), ('pm10_cf', 2), ('pm1', 2), ('pm25', 2), ('pm10', 2)])"
"OrderedDict([('DateTime', datetime.datetime(2021, 8, 11, 18, 25, 48, 656175)), ('pm1_cf', 2), ('pm25_cf', 3), ('pm10_cf', 3), ('pm1', 2), ('pm25', 3), ('pm10', 3)])"
"OrderedDict([('DateTime', datetime.datetime(2021, 8, 11, 18, 26, 4, 174891)), ('pm1_cf', 2), ('pm25_cf', 3), ('pm10_cf', 3), ('pm1', 2), ('pm25', 3), ('pm10', 3)])"
"OrderedDict([('DateTime', datetime.datetime(2021, 8, 11, 18, 26, 19, 693489)), ('pm1_cf', 2), ('pm25_cf', 3), ('pm10_cf', 3), ('pm1', 2), ('pm25', 3), ('pm10', 3)])"
"OrderedDict([('DateTime', datetime.datetime(2021, 8, 11, 18, 26, 35, 210965)), ('pm1_cf', 1), ('pm25_cf', 1), ('pm10_cf', 1), ('pm1', 1), ('pm25', 1), ('pm10', 1)])"
"OrderedDict([('DateTime', datetime.datetime(2021, 8, 11, 18, 26, 50, 728335)), ('pm1_cf', 1), ('pm25_cf', 1), ('pm10_cf', 2), ('pm1', 1), ('pm25', 1), ('pm10', 2)])"
"OrderedDict([('DateTime', datetime.datetime(2021, 8, 11, 18, 27, 6, 245787)), ('pm1_cf', 1), ('pm25_cf', 2), ('pm10_cf', 3), ('pm1', 1), ('pm25', 2), ('pm10', 3)])"
"OrderedDict([('DateTime', datetime.datetime(2021, 8, 11, 18, 27, 21, 762856)), ('pm1_cf', 2), ('pm25_cf', 3), ('pm10_cf', 3), ('pm1', 2), ('pm25', 3), ('pm10', 3)])"
"OrderedDict([('DateTime', datetime.datetime(2021, 8, 11, 18, 27, 38, 188445)), ('pm1_cf', 2), ('pm25_cf', 3), ('pm10_cf', 3), ('pm1', 2), ('pm25', 3), ('pm10', 3)])"
"OrderedDict([('DateTime', datetime.datetime(2021, 8, 11, 18, 27, 40, 774391)), ('pm1_cf', 1), ('pm25_cf', 1), ('pm10_cf', 2), ('pm1', 1), ('pm25', 1), ('pm10', 2)])"
"OrderedDict([('DateTime', datetime.datetime(2021, 8, 11, 18, 27, 53, 704812)), ('pm1_cf', 1), ('pm25_cf', 2), ('pm10_cf', 2), ('pm1', 1), ('pm25', 2), ('pm10', 2)])"
"OrderedDict([('DateTime', datetime.datetime(2021, 8, 11, 18, 27, 56, 290578)), ('pm1_cf', 2), ('pm25_cf', 3), ('pm10_cf', 3), ('pm1', 2), ('pm25', 3), ('pm10', 3)])"
"OrderedDict([('DateTime', datetime.datetime(2021, 8, 11, 18, 28, 9, 220989)), ('pm1_cf', 2), ('pm25_cf', 3), ('pm10_cf', 3), ('pm1', 2), ('pm25', 3), ('pm10', 3)])"
"OrderedDict([('DateTime', datetime.datetime(2021, 8, 11, 18, 28, 11, 807132)), ('pm1_cf', 1), ('pm25_cf', 2), ('pm10_cf', 2), ('pm1', 1), ('pm25', 2), ('pm10', 2)])"
"OrderedDict([('DateTime', datetime.datetime(2021, 8, 11, 18, 28, 24, 737792)), ('pm1_cf', 2), ('pm25_cf', 2), ('pm10_cf', 2), ('pm1', 2), ('pm25', 2), ('pm10', 2)])"
"OrderedDict([('DateTime', datetime.datetime(2021, 8, 11, 18, 28, 27, 324002)), ('pm1_cf', 3), ('pm25_cf', 3), ('pm10_cf', 3), ('pm1', 3), ('pm25', 3), ('pm10', 3)])"
"OrderedDict([('DateTime', datetime.datetime(2021, 8, 11, 18, 28, 40, 254575)), ('pm1_cf', 2), ('pm25_cf', 2), ('pm10_cf', 2), ('pm1', 2), ('pm25', 2), ('pm10', 2)])"
"OrderedDict([('DateTime', datetime.datetime(2021, 8, 11, 18, 28, 42, 840388)), ('pm1_cf', 2), ('pm25_cf', 2), ('pm10_cf', 2), ('pm1', 2), ('pm25', 2), ('pm10', 2)])"
"OrderedDict([('DateTime', datetime.datetime(2021, 8, 11, 18, 28, 55, 771209)), ('pm1_cf', 3), ('pm25_cf', 4), ('pm10_cf', 4), ('pm1', 3), ('pm25', 4), ('pm10', 4)])"
"OrderedDict([('DateTime', datetime.datetime(2021, 8, 11, 18, 28, 58, 358430)), ('pm1_cf', 3), ('pm25_cf', 4), ('pm10_cf', 4), ('pm1', 3), ('pm25', 4), ('pm10', 4)])"
"OrderedDict([('DateTime', datetime.datetime(2021, 8, 11, 18, 29, 11, 286956)), ('pm1_cf', 3), ('pm25_cf', 4), ('pm10_cf', 4), ('pm1', 3), ('pm25', 4), ('pm10', 4)])"
"OrderedDict([('DateTime', datetime.datetime(2021, 8, 11, 18, 29, 13, 873256)), ('pm1_cf', 2), ('pm25_cf', 3), ('pm10_cf', 3), ('pm1', 2), ('pm25', 3), ('pm10', 3)])"
"OrderedDict([('DateTime', datetime.datetime(2021, 8, 11, 18, 29, 26, 804179)), ('pm1_cf', 2), ('pm25_cf', 3), ('pm10_cf', 3), ('pm1', 2), ('pm25', 3), ('pm10', 3)])"
"OrderedDict([('DateTime', datetime.datetime(2021, 8, 11, 18, 29, 29, 388359)), ('pm1_cf', 2), ('pm25_cf', 3), ('pm10_cf', 3), ('pm1', 2), ('pm25', 3), ('pm10', 3)])"
"OrderedDict([('DateTime', datetime.datetime(2021, 8, 11, 18, 29, 42, 319172)), ('pm1_cf', 2), ('pm25_cf', 4), ('pm10_cf', 4), ('pm1', 2), ('pm25', 4), ('pm10', 4)])"
"OrderedDict([('DateTime', datetime.datetime(2021, 8, 11, 18, 29, 44, 904735)), ('pm1_cf', 2), ('pm25_cf', 3), ('pm10_cf', 3), ('pm1', 2), ('pm25', 3), ('pm10', 3)])"
"OrderedDict([('DateTime', datetime.datetime(2021, 8, 11, 18, 29, 57, 834889)), ('pm1_cf', 3), ('pm25_cf', 3), ('pm10_cf', 3), ('pm1', 3), ('pm25', 3), ('pm10', 3)])"
"OrderedDict([('DateTime', datetime.datetime(2021, 8, 11, 18, 30, 0, 420736)), ('pm1_cf', 2), ('pm25_cf', 3), ('pm10_cf', 3), ('pm1', 2), ('pm25', 3), ('pm10', 3)])"
"OrderedDict([('DateTime', datetime.datetime(2021, 8, 11, 18, 30, 13, 349650)), ('pm1_cf', 1), ('pm25_cf', 1), ('pm10_cf', 1), ('pm1', 1), ('pm25', 1), ('pm10', 1)])"
"OrderedDict([('DateTime', datetime.datetime(2021, 8, 11, 18, 30, 15, 937334)), ('pm1_cf', 1), ('pm25_cf', 1), ('pm10_cf', 1), ('pm1', 1), ('pm25', 1), ('pm10', 1)])"
"OrderedDict([('DateTime', datetime.datetime(2021, 8, 11, 18, 30, 28, 864613)), ('pm1_cf', 0), ('pm25_cf', 1), ('pm10_cf', 1), ('pm1', 0), ('pm25', 1), ('pm10', 1)])"
"OrderedDict([('DateTime', datetime.datetime(2021, 8, 11, 18, 30, 31, 450303)), ('pm1_cf', 1), ('pm25_cf', 1), ('pm10_cf', 1), ('pm1', 1), ('pm25', 1), ('pm10', 1)])"
"OrderedDict([('DateTime', datetime.datetime(2021, 8, 11, 18, 30, 44, 378396)), ('pm1_cf', 1), ('pm25_cf', 2), ('pm10_cf', 2), ('pm1', 1), ('pm25', 2), ('pm10', 2)])"
"OrderedDict([('DateTime', datetime.datetime(2021, 8, 11, 18, 30, 46, 964039)), ('pm1_cf', 1), ('pm25_cf', 2), ('pm10_cf', 2), ('pm1', 1), ('pm25', 2), ('pm10', 2)])"
"OrderedDict([('DateTime', datetime.datetime(2021, 8, 11, 18, 30, 59, 890965)), ('pm1_cf', 1), ('pm25_cf', 2), ('pm10_cf', 2), ('pm1', 1), ('pm25', 2), ('pm10', 2)])"
"OrderedDict([('DateTime', datetime.datetime(2021, 8, 11, 18, 31, 2, 474575)), ('pm1_cf', 2), ('pm25_cf', 3), ('pm10_cf', 3), ('pm1', 2), ('pm25', 3), ('pm10', 3)])"
"OrderedDict([('DateTime', datetime.datetime(2021, 8, 11, 18, 31, 15, 399307)), ('pm1_cf', 2), ('pm25_cf', 2), ('pm10_cf', 2), ('pm1', 2), ('pm25', 2), ('pm10', 2)])"
"OrderedDict([('DateTime', datetime.datetime(2021, 8, 11, 18, 31, 17, 984173)), ('pm1_cf', 1), ('pm25_cf', 2), ('pm10_cf', 2), ('pm1', 1), ('pm25', 2), ('pm10', 2)])"
"OrderedDict([('DateTime', datetime.datetime(2021, 8, 11, 18, 31, 30, 907890)), ('pm1_cf', 0), ('pm25_cf', 1), ('pm10_cf', 1), ('pm1', 0), ('pm25', 1), ('pm10', 1)])"
"OrderedDict([('DateTime', datetime.datetime(2021, 8, 11, 18, 31, 33, 492436)), ('pm1_cf', 0), ('pm25_cf', 1), ('pm10_cf', 1), ('pm1', 0), ('pm25', 1), ('pm10', 1)])"
"OrderedDict([('DateTime', datetime.datetime(2021, 8, 11, 18, 31, 46, 415066)), ('pm1_cf', 0), ('pm25_cf', 1), ('pm10_cf', 1), ('pm1', 0), ('pm25', 1), ('pm10', 1)])"
"OrderedDict([('DateTime', datetime.datetime(2021, 8, 11, 18, 31, 48, 999492)), ('pm1_cf', 0), ('pm25_cf', 1), ('pm10_cf', 1), ('pm1', 0), ('pm25', 1), ('pm10', 1)])"
"OrderedDict([('DateTime', datetime.datetime(2021, 8, 11, 18, 32, 1, 921332)), ('pm1_cf', 2), ('pm25_cf', 3), ('pm10_cf', 3), ('pm1', 2), ('pm25', 3), ('pm10', 3)])"
"OrderedDict([('DateTime', datetime.datetime(2021, 8, 11, 18, 32, 4, 505731)), ('pm1_cf', 1), ('pm25_cf', 2), ('pm10_cf', 2), ('pm1', 1), ('pm25', 2), ('pm10', 2)])"
"OrderedDict([('DateTime', datetime.datetime(2021, 8, 11, 18, 32, 17, 427081)), ('pm1_cf', 2), ('pm25_cf', 2), ('pm10_cf', 3), ('pm1', 2), ('pm25', 2), ('pm10', 3)])"
"OrderedDict([('DateTime', datetime.datetime(2021, 8, 11, 18, 32, 20, 11214)), ('pm1_cf', 2), ('pm25_cf', 3), ('pm10_cf', 3), ('pm1', 2), ('pm25', 3), ('pm10', 3)])"
"OrderedDict([('DateTime', datetime.datetime(2021, 8, 11, 18, 32, 32, 933604)), ('pm1_cf', 2), ('pm25_cf', 2), ('pm10_cf', 3), ('pm1', 2), ('pm25', 2), ('pm10', 3)])"
"OrderedDict([('DateTime', datetime.datetime(2021, 8, 11, 18, 32, 35, 517760)), ('pm1_cf', 1), ('pm25_cf', 2), ('pm10_cf', 2), ('pm1', 1), ('pm25', 2), ('pm10', 2)])"
"OrderedDict([('DateTime', datetime.datetime(2021, 8, 11, 18, 32, 48, 440257)), ('pm1_cf', 2), ('pm25_cf', 3), ('pm10_cf', 3), ('pm1', 2), ('pm25', 3), ('pm10', 3)])"
"OrderedDict([('DateTime', datetime.datetime(2021, 8, 11, 18, 32, 51, 24929)), ('pm1_cf', 2), ('pm25_cf', 3), ('pm10_cf', 3), ('pm1', 2), ('pm25', 3), ('pm10', 3)])"
"OrderedDict([('DateTime', datetime.datetime(2021, 8, 11, 18, 33, 3, 947350)), ('pm1_cf', 2), ('pm25_cf', 3), ('pm10_cf', 3), ('pm1', 2), ('pm25', 3), ('pm10', 3)])"
"OrderedDict([('DateTime', datetime.datetime(2021, 8, 11, 18, 33, 6, 531654)), ('pm1_cf', 2), ('pm25_cf', 3), ('pm10_cf', 3), ('pm1', 2), ('pm25', 3), ('pm10', 3)])"
"OrderedDict([('DateTime', datetime.datetime(2021, 8, 11, 18, 33, 19, 454447)), ('pm1_cf', 2), ('pm25_cf', 2), ('pm10_cf', 2), ('pm1', 2), ('pm25', 2), ('pm10', 2)])"
"OrderedDict([('DateTime', datetime.datetime(2021, 8, 11, 18, 33, 22, 42149)), ('pm1_cf', 2), ('pm25_cf', 3), ('pm10_cf', 3), ('pm1', 2), ('pm25', 3), ('pm10', 3)])"
"OrderedDict([('DateTime', datetime.datetime(2021, 8, 11, 18, 33, 34, 961813)), ('pm1_cf', 2), ('pm25_cf', 3), ('pm10_cf', 3), ('pm1', 2), ('pm25', 3), ('pm10', 3)])"
""
"OrderedDict([('DateTime', datetime.datetime(2021, 8, 11, 18, 33, 50, 469468)), ('pm1_cf', 1), ('pm25_cf', 2), ('pm10_cf', 2), ('pm1', 1), ('pm25', 2), ('pm10', 2)])"
"OrderedDict([('DateTime', datetime.datetime(2021, 8, 11, 18, 33, 53, 892708)), ('pm1_cf', 1), ('pm25_cf', 2), ('pm10_cf', 2), ('pm1', 1), ('pm25', 2), ('pm10', 2)])"
"OrderedDict([('DateTime', datetime.datetime(2021, 8, 11, 18, 34, 5, 978653)), ('pm1_cf', 1), ('pm25_cf', 2), ('pm10_cf', 2), ('pm1', 1), ('pm25', 2), ('pm10', 2)])"
"OrderedDict([('DateTime', datetime.datetime(2021, 8, 11, 18, 34, 9, 402013)), ('pm1_cf', 1), ('pm25_cf', 2), ('pm10_cf', 2), ('pm1', 1), ('pm25', 2), ('pm10', 2)])"
"OrderedDict([('DateTime', datetime.datetime(2021, 8, 11, 18, 34, 21, 488167)), ('pm1_cf', 2), ('pm25_cf', 2), ('pm10_cf', 2), ('pm1', 2), ('pm25', 2), ('pm10', 2)])"
"OrderedDict([('DateTime', datetime.datetime(2021, 8, 11, 18, 34, 24, 911501)), ('pm1_cf', 2), ('pm25_cf', 2), ('pm10_cf', 2), ('pm1', 2), ('pm25', 2), ('pm10', 2)])"
"OrderedDict([('DateTime', datetime.datetime(2021, 8, 11, 18, 34, 36, 998090)), ('pm1_cf', 2), ('pm25_cf', 3), ('pm10_cf', 3), ('pm1', 2), ('pm25', 3), ('pm10', 3)])"
"OrderedDict([('DateTime', datetime.datetime(2021, 8, 11, 18, 34, 40, 421742)), ('pm1_cf', 2), ('pm25_cf', 3), ('pm10_cf', 3), ('pm1', 2), ('pm25', 3), ('pm10', 3)])"
"OrderedDict([('DateTime', datetime.datetime(2021, 8, 11, 18, 36, 51, 431704)), ('pm1_cf', 2), ('pm25_cf', 3), ('pm10_cf', 3), ('pm1', 2), ('pm25', 3), ('pm10', 3)])"
"OrderedDict([('DateTime', datetime.datetime(2021, 8, 11, 18, 37, 6, 944108)), ('pm1_cf', 2), ('pm25_cf', 3), ('pm10_cf', 3), ('pm1', 2), ('pm25', 3), ('pm10', 3)])"
"OrderedDict([('DateTime', datetime.datetime(2021, 8, 11, 18, 37, 22, 456577)), ('pm1_cf', 2), ('pm25_cf', 3), ('pm10_cf', 3), ('pm1', 2), ('pm25', 3), ('pm10', 3)])"
"OrderedDict([('DateTime', datetime.datetime(2021, 8, 11, 18, 37, 37, 973742)), ('pm1_cf', 3), ('pm25_cf', 4), ('pm10_cf', 4), ('pm1', 3), ('pm25', 4), ('pm10', 4)])"
"OrderedDict([('DateTime', datetime.datetime(2021, 8, 11, 18, 37, 53, 482545)), ('pm1_cf', 3), ('pm25_cf', 3), ('pm10_cf', 3), ('pm1', 3), ('pm25', 3), ('pm10', 3)])"
"OrderedDict([('DateTime', datetime.datetime(2021, 8, 11, 18, 38, 8, 995624)), ('pm1_cf', 2), ('pm25_cf', 3), ('pm10_cf', 3), ('pm1', 2), ('pm25', 3), ('pm10', 3)])"
"OrderedDict([('DateTime', datetime.datetime(2021, 8, 11, 18, 38, 24, 507553)), ('pm1_cf', 1), ('pm25_cf', 1), ('pm10_cf', 1), ('pm1', 1), ('pm25', 1), ('pm10', 1)])"
"OrderedDict([('DateTime', datetime.datetime(2021, 8, 11, 18, 38, 40, 18403)), ('pm1_cf', 0), ('pm25_cf', 0), ('pm10_cf', 0), ('pm1', 0), ('pm25', 0), ('pm10', 0)])"
"OrderedDict([('DateTime', datetime.datetime(2021, 8, 11, 18, 38, 55, 527997)), ('pm1_cf', 0), ('pm25_cf', 1), ('pm10_cf', 1), ('pm1', 0), ('pm25', 1), ('pm10', 1)])"
"OrderedDict([('DateTime', datetime.datetime(2021, 8, 11, 18, 39, 11, 40240)), ('pm1_cf', 2), ('pm25_cf', 2), ('pm10_cf', 2), ('pm1', 2), ('pm25', 2), ('pm10', 2)])"
"OrderedDict([('DateTime', datetime.datetime(2021, 8, 11, 18, 39, 27, 381803)), ('pm1_cf', 1), ('pm25_cf', 3), ('pm10_cf', 3), ('pm1', 1), ('pm25', 3), ('pm10', 3)])"
"OrderedDict([('DateTime', datetime.datetime(2021, 8, 11, 18, 39, 42, 887674)), ('pm1_cf', 1), ('pm25_cf', 2), ('pm10_cf', 2), ('pm1', 1), ('pm25', 2), ('pm10', 2)])"
"OrderedDict([('DateTime', datetime.datetime(2021, 8, 11, 18, 39, 58, 393269)), ('pm1_cf', 1), ('pm25_cf', 1), ('pm10_cf', 1), ('pm1', 1), ('pm25', 1), ('pm10', 1)])"
"OrderedDict([('DateTime', datetime.datetime(2021, 8, 11, 18, 40, 13, 897815)), ('pm1_cf', 1), ('pm25_cf', 2), ('pm10_cf', 2), ('pm1', 1), ('pm25', 2), ('pm10', 2)])"
"OrderedDict([('DateTime', datetime.datetime(2021, 8, 11, 18, 40, 29, 401106)), ('pm1_cf', 2), ('pm25_cf', 2), ('pm10_cf', 2), ('pm1', 2), ('pm25', 2), ('pm10', 2)])"
"OrderedDict([('DateTime', datetime.datetime(2021, 8, 11, 18, 40, 44, 903899)), ('pm1_cf', 2), ('pm25_cf', 2), ('pm10_cf', 2), ('pm1', 2), ('pm25', 2), ('pm10', 2)])"
"OrderedDict([('DateTime', datetime.datetime(2021, 8, 11, 18, 41, 0, 405658)), ('pm1_cf', 2), ('pm25_cf', 3), ('pm10_cf', 3), ('pm1', 2), ('pm25', 3), ('pm10', 3)])"
"OrderedDict([('DateTime', datetime.datetime(2021, 8, 11, 18, 41, 15, 907949)), ('pm1_cf', 2), ('pm25_cf', 4), ('pm10_cf', 4), ('pm1', 2), ('pm25', 4), ('pm10', 4)])"
"OrderedDict([('DateTime', datetime.datetime(2021, 8, 11, 18, 41, 31, 410121)), ('pm1_cf', 2), ('pm25_cf', 3), ('pm10_cf', 3), ('pm1', 2), ('pm25', 3), ('pm10', 3)])"
"OrderedDict([('DateTime', datetime.datetime(2021, 8, 11, 18, 41, 46, 912691)), ('pm1_cf', 1), ('pm25_cf', 2), ('pm10_cf', 2), ('pm1', 1), ('pm25', 2), ('pm10', 2)])"
"OrderedDict([('DateTime', datetime.datetime(2021, 8, 11, 18, 42, 2, 414242)), ('pm1_cf', 1), ('pm25_cf', 2), ('pm10_cf', 2), ('pm1', 1), ('pm25', 2), ('pm10', 2)])"
"OrderedDict([('DateTime', datetime.datetime(2021, 8, 11, 18, 42, 17, 915400)), ('pm1_cf', 1), ('pm25_cf', 2), ('pm10_cf', 2), ('pm1', 1), ('pm25', 2), ('pm10', 2)])"
"OrderedDict([('DateTime', datetime.datetime(2021, 8, 11, 18, 42, 33, 416219)), ('pm1_cf', 1), ('pm25_cf', 2), ('pm10_cf', 2), ('pm1', 1), ('pm25', 2), ('pm10', 2)])"
"OrderedDict([('DateTime', datetime.datetime(2021, 8, 11, 18, 42, 48, 921662)), ('pm1_cf', 1), ('pm25_cf', 2), ('pm10_cf', 2), ('pm1', 1), ('pm25', 2), ('pm10', 2)])"
"OrderedDict([('DateTime', datetime.datetime(2021, 8, 11, 18, 43, 4, 417781)), ('pm1_cf', 1), ('pm25_cf', 2), ('pm10_cf', 2), ('pm1', 1), ('pm25', 2), ('pm10', 2)])"
"OrderedDict([('DateTime', datetime.datetime(2021, 8, 11, 18, 43, 19, 919161)), ('pm1_cf', 0), ('pm25_cf', 1), ('pm10_cf', 1), ('pm1', 0), ('pm25', 1), ('pm10', 1)])"
"OrderedDict([('DateTime', datetime.datetime(2021, 8, 11, 18, 43, 35, 418842)), ('pm1_cf', 2), ('pm25_cf', 3), ('pm10_cf', 3), ('pm1', 2), ('pm25', 3), ('pm10', 3)])"
"OrderedDict([('DateTime', datetime.datetime(2021, 8, 11, 18, 43, 50, 917366)), ('pm1_cf', 0), ('pm25_cf', 1), ('pm10_cf', 1), ('pm1', 0), ('pm25', 1), ('pm10', 1)])"
"OrderedDict([('DateTime', datetime.datetime(2021, 8, 11, 18, 44, 6, 415288)), ('pm1_cf', 0), ('pm25_cf', 0), ('pm10_cf', 0), ('pm1', 0), ('pm25', 0), ('pm10', 0)])"
"OrderedDict([('DateTime', datetime.datetime(2021, 8, 11, 18, 44, 21, 913634)), ('pm1_cf', 0), ('pm25_cf', 0), ('pm10_cf', 0), ('pm1', 0), ('pm25', 0), ('pm10', 0)])"
